{
  "preguntas": [
    {
      "pregunta": "El gringo que más amábamos",
      "respuestas": [
        {
          "respuesta": "Edgar Castillo",
          "tipo": "false"
        },
        {
          "respuesta": "José Antonio Castro",
          "tipo": "true"
        },
        {
          "respuesta": "José Torres",
          "tipo": "false"
        },
        {
          "respuesta": "Greg Garza",
          "tipo": "false"
        }
      ]
    },
    {
      "pregunta": "Canterano que la rompió en 2013 y le valió para irse a Europa",
      "respuestas": [
        {
          "respuesta": "Santiago Fernández",
          "tipo": "false"
        },
        {
          "respuesta": "Tony López",
          "tipo": "false"
        },
        {
          "respuesta": "Raúl Jiménez",
          "tipo": "true"
        },
        {
          "respuesta": "Francisco Torres",
          "tipo": "false"
        }
      ]
    },
    {
      "pregunta": "Delantero africano que no es Jean Claude Pagal ni Kalusha Bwalya",
      "respuestas": [
        {
          "respuesta": "Abdul Aberrazak",
          "tipo": "false"
        },
        {
          "respuesta": "Omam Biyik",
          "tipo": "true"
        },
        {
          "respuesta": "Alain Nkong",
          "tipo": "false"
        },
        {
          "respuesta": "David Embe",
          "tipo": "false"
        }
      ]
    },
    {
      "pregunta": "Manoseaba a sus compañeros durante los entrenamientos",
      "respuestas": [
        {
          "respuesta": "Markus López",
          "tipo": "false"
        },
        {
          "respuesta": "Cuauhtémoc Blanco",
          "tipo": "false"
        },
        {
          "respuesta": "Germán Villa",
          "tipo": "true"
        },
        {
          "respuesta": "Ilie Dumitrescu",
          "tipo": "false"
        }
      ]
    },
    {
      "pregunta": "Hasta el árbitro le aplaudió cuando clavo un golazo",
      "respuestas": [
        {
          "respuesta": "Reinaldo Navia",
          "tipo": "false"
        },
        {
          "respuesta": "Rolfi Montenegro ",
          "tipo": "false"
        },
        {
          "respuesta": "Miguel Layún ",
          "tipo": "false"
        },
        {
          "respuesta": "Florencio Cafaratti",
          "tipo": "true"
        }
      ]
    },
    {
      "pregunta": "¿Quién es este rostro?",
      "respuestas": [
        {
          "respuesta": "Roberto ‘Monito’ Rodriguez",
          "tipo": "true"
        },
        {
          "respuesta": "Fabián Peña ",
          "tipo": "false"
        },
        {
          "respuesta": "Lucas Castromán",
          "tipo": "false"
        },
        {
          "respuesta": "Enrique Vera ",
          "tipo": "false"
        }
      ]
    },
    {
      "pregunta": "¿El cuarto de derecha a izquierda en la fila de abajo?",
      "respuestas": [
        {
          "respuesta": "Alfredo Tena",
          "tipo": "false"
        },
        {
          "respuesta": "Javier Aguirre",
          "tipo": "true"
        },
        {
          "respuesta": "Carlos Hermosillo ",
          "tipo": "false"
        },
        {
          "respuesta": "Héctor Miguel Zelada",
          "tipo": "false"
        }
      ]
    },
    {
      "pregunta": "Chicharito aprendió de él",
      "respuestas": [
        {
          "respuesta": "Enrique Borja",
          "tipo": "true"
        },
        {
          "respuesta": "Matías Vuoso ",
          "tipo": "false"
        },
        {
          "respuesta": "Héctor Mihuel Zelada",
          "tipo": "false"
        },
        {
          "respuesta": "Carlos Reinoso",
          "tipo": "false"
        }
      ]
    },
    {
      "pregunta": "Estuvo cerca de ganar la Champions, luego la rompió con nosotros",
      "respuestas": [
        {
          "respuesta": "Irenio Soares",
          "tipo": "false"
        },
        {
          "respuesta": "Claudio Piojo López",
          "tipo": "true"
        },
        {
          "respuesta": "Iván Zamorano",
          "tipo": "false"
        },
        {
          "respuesta": "Nelson Pipino Cuevas ",
          "tipo": "false"
        }
      ]
    },
    {
      "pregunta": "La última leyenda ",
      "respuestas": [
        {
          "respuesta": "Djalminha",
          "tipo": "false"
        },
        {
          "respuesta": "Luis Hernández",
          "tipo": "false"
        },
        {
          "respuesta": "Hugo Sánchez",
          "tipo": "false"
        },
        {
          "respuesta": "Cuauhtémoc Blanco",
          "tipo": "true"
        }
      ]
    },
    {
      "pregunta": "Lo convertimos en estrella de TV Novelas",
      "respuestas": [
        {
          "respuesta": "Pável Pardo",
          "tipo": "false"
        },
        {
          "respuesta": "Germán Villa",
          "tipo": "false"
        },
        {
          "respuesta": "Antonio de Nigris",
          "tipo": "false"
        },
        {
          "respuesta": "Luis García ",
          "tipo": "true"
        }
      ]
    },
    {
      "pregunta": "Repatriamos al pentapichichi del Real Madrid ",
      "respuestas": [
        {
          "respuesta": "Hugo Sánchez",
          "tipo": "true"
        },
        {
          "respuesta": "Luis García ",
          "tipo": "false"
        },
        {
          "respuesta": "Efraín Juárez",
          "tipo": "false"
        },
        {
          "respuesta": "Javier Chicharito Hernández ",
          "tipo": "false"
        }
      ]
    },
    {
      "pregunta": "Fue nuestro patrón antes que Azcárraga ",
      "respuestas": [
        {
          "respuesta": "Jorge Vergara",
          "tipo": "false"
        },
        {
          "respuesta": "Mario Moreno Cantinflas",
          "tipo": "true"
        },
        {
          "respuesta": "Peña Nieto",
          "tipo": "false"
        },
        {
          "respuesta": "Michael Bauer ",
          "tipo": "false"
        }
      ]
    },
    {
      "pregunta": "Cristiano se inspiró en él ",
      "respuestas": [
        {
          "respuesta": "Cuauhtémoc Blanco",
          "tipo": "false"
        },
        {
          "respuesta": "Salvador Cabañas ",
          "tipo": "false"
        },
        {
          "respuesta": "Valentino (kiko)",
          "tipo": "true"
        },
        {
          "respuesta": "Marcelo Lipatín ",
          "tipo": "false"
        }
      ]
    },
    {
      "pregunta": "Ningún otro portero ha jugado en Europa",
      "respuestas": [
        {
          "respuesta": "Memo Ochoa",
          "tipo": "true"
        },
        {
          "respuesta": "Armando Navarrete",
          "tipo": "false"
        },
        {
          "respuesta": "Alberto Becerra",
          "tipo": "false"
        }
      ]
    },
    {
      "pregunta": "Les dimos al último jugador que le dio un título a Cruz Azul ",
      "respuestas": [
        {
          "respuesta": "Richard Núñez ",
          "tipo": "false"
        },
        {
          "respuesta": "Chaco Giménez ",
          "tipo": "false"
        },
        {
          "respuesta": "Carlos Hermosillo",
          "tipo": "true"
        },
        {
          "respuesta": "Maza Rodríguez ",
          "tipo": "false"
        }
      ]
    },
    {
      "pregunta": "Es el mejor jugador chileno que ha llegado a México",
      "respuestas": [
        {
          "respuesta": "Carlos Reinoso",
          "tipo": "true"
        },
        {
          "respuesta": "Jean Beausejour",
          "tipo": "false"
        },
        {
          "respuesta": "Sebastián Saja",
          "tipo": "false"
        },
        {
          "respuesta": "Federico Higuaín",
          "tipo": "false"
        }
      ]
    },
    {
      "pregunta": "Nosotros tuvimos el técnico que anhela el Tri ",
      "respuestas": [
        {
          "respuesta": "Marcelo Bielsa",
          "tipo": "true"
        },
        {
          "respuesta": "La Volpe",
          "tipo": "false"
        },
        {
          "respuesta": "'Ruso' Brailovsky",
          "tipo": "false"
        },
        {
          "respuesta": "Sergio Bueno ",
          "tipo": "false"
        }
      ]
    },
    {
      "pregunta": "Lo nombraron el sucesor de Cuauhtémoc Blanco",
      "respuestas": [
        {
          "respuesta": "Reinaldo Navia",
          "tipo": "false"
        },
        {
          "respuesta": "Osvaldo Martínez ",
          "tipo": "false"
        },
        {
          "respuesta": "Rolfi Montenegro",
          "tipo": "false"
        },
        {
          "respuesta": "More Mosqueda ",
          "tipo": "true"
        }
      ]
    },
    {
      "pregunta": "Compartió cancha con Lio Messi en el Barcelona B ",
      "respuestas": [
        {
          "respuesta": "Gio dos Santos",
          "tipo": "false"
        },
        {
          "respuesta": "Israel Martínez",
          "tipo": "false"
        },
        {
          "respuesta": "Santiago Fernández",
          "tipo": "true"
        },
        {
          "respuesta": "Ángel Reyna ",
          "tipo": "false"
        }
      ]
    },
    {
      "pregunta": "Puso fin a nuestra racha de 13 años sin ser campeones",
      "respuestas": [
        {
          "respuesta": "Kléber Boas",
          "tipo": "false"
        },
        {
          "respuesta": "Hugo Norberto Castillo",
          "tipo": "true"
        },
        {
          "respuesta": "Iván Zamorano",
          "tipo": "false"
        },
        {
          "respuesta": "Andrés Chitiva",
          "tipo": "false"
        }
      ]
    },
    {
      "pregunta": "Dijo: \"Doy balones y me devuelven sandías\"",
      "respuestas": [
        {
          "respuesta": "Zague",
          "tipo": "false"
        },
        {
          "respuesta": "José Dirceu Guimaraes",
          "tipo": "true"
        },
        {
          "respuesta": "Carlos Hermosillo",
          "tipo": "false"
        },
        {
          "respuesta": "Miguel Layún",
          "tipo": "false"
        }
      ]
    },
    {
      "pregunta": "Fue campeón del Mundo y luego jugó con nosostros ",
      "respuestas": [
        {
          "respuesta": "Cabinho",
          "tipo": "false"
        },
        {
          "respuesta": "Rosinei",
          "tipo": "false"
        },
        {
          "respuesta": "Enrique Esqueda",
          "tipo": "false"
        },
        {
          "respuesta": "Didí",
          "tipo": "true"
        }
      ]
    },
    {
      "pregunta": "Llegó lesionado y se fue lesionado",
      "respuestas": [
        {
          "respuesta": "Andrés Carignano",
          "tipo": "true"
        },
        {
          "respuesta": "Andrés 'Rifle' Andrade",
          "tipo": "false"
        },
        {
          "respuesta": "Alberto Becerra",
          "tipo": "false"
        },
        {
          "respuesta": "Thomas Vermaelen ",
          "tipo": "false"
        }
      ]
    },
    {
      "pregunta": "Nos defendió a nosotros... y también a las Chivas ",
      "respuestas": [
        {
          "respuesta": "Marco Rossi ",
          "tipo": "false"
        },
        {
          "respuesta": "Antonio Mohamed",
          "tipo": "false"
        },
        {
          "respuesta": "Ramón Ramírez ",
          "tipo": "true"
        },
        {
          "respuesta": "Raúl Salinas",
          "tipo": "false"
        }
      ]
    },
    {
      "pregunta": "Le decían el \"cantante\"...",
      "respuestas": [
        {
          "respuesta": "Carlos Infante",
          "tipo": "false"
        },
        {
          "respuesta": "José 'Gringo' Castro",
          "tipo": "false"
        },
        {
          "respuesta": "Christian Patiño",
          "tipo": "false"
        },
        {
          "respuesta": "Leonardo Fabio Moreno",
          "tipo": "true"
        }
      ]
    },
    {
      "pregunta": "Nadie defendió nuestra playera más que él",
      "respuestas": [
        {
          "respuesta": "Ramón Ramírez",
          "tipo": "false"
        },
        {
          "respuesta": "Cristobal Ortega",
          "tipo": "true"
        },
        {
          "respuesta": "Cuauhtémoc Blanco",
          "tipo": "false"
        },
        {
          "respuesta": "Duilio Davino ",
          "tipo": "false"
        }
      ]
    },
    {
      "pregunta": "El mexicano más brasileño",
      "respuestas": [
        {
          "respuesta": "Zague",
          "tipo": "true"
        },
        {
          "respuesta": "Arlindo dos Santos",
          "tipo": "false"
        },
        {
          "respuesta": "Kléber",
          "tipo": "false"
        },
        {
          "respuesta": "Antonio Carlos Santos ",
          "tipo": "false"
        }
      ]
    },
    {
      "pregunta": "Repartió leña por todo el futbol mexicano ",
      "respuestas": [
        {
          "respuesta": "Isaac Terrazas",
          "tipo": "true"
        },
        {
          "respuesta": "Gerardo Torrado",
          "tipo": "false"
        },
        {
          "respuesta": "Diego Cervantes",
          "tipo": "false"
        },
        {
          "respuesta": "Moctezuma Serrato",
          "tipo": "false"
        }
      ]
    },
    {
      "pregunta": "No necesitas ver su cara para saber que fue el refuerzo más tronco de la historia",
      "respuestas": [
        {
          "respuesta": "Tony López",
          "tipo": "false"
        },
        {
          "respuesta": "Daniel Bilos ",
          "tipo": "true"
        },
        {
          "respuesta": "Nicolás Olivera",
          "tipo": "false"
        },
        {
          "respuesta": "Fernando Ortíz",
          "tipo": "false"
        }
      ]
    },
    {
      "pregunta": "Se le recuerda por tener el peor look del América... y de la humanidad",
      "respuestas": [
        {
          "respuesta": "Marcelo Barticciotto",
          "tipo": "false"
        },
        {
          "respuesta": "Alvin Mendoza",
          "tipo": "false"
        },
        {
          "respuesta": "Jean-Claude Pagal",
          "tipo": "true"
        },
        {
          "respuesta": "Matías Vuoso ",
          "tipo": "false"
        }
      ]
    },
    {
      "pregunta": "Fue votado el doceavo mejor futbolista del mundo... a pesar de fallar el gol más fácil de la historia ante Cruz Azul",
      "respuestas": [
        {
          "respuesta": "Kalusha",
          "tipo": "true"
        },
        {
          "respuesta": "Achille Emana",
          "tipo": "false"
        },
        {
          "respuesta": "Omam Biyik",
          "tipo": "false"
        },
        {
          "respuesta": "Narciso Mina",
          "tipo": "false"
        }
      ]
    },
    {
      "pregunta": "¿Habiendo clubes con más de cien años de historia, qué otro acumula más títulos en el futbol mexicano que el América?",
      "respuestas": [
        {
          "respuesta": "Ninguno, somos únicos ",
          "tipo": "true"
        },
        {
          "respuesta": "Chivas",
          "tipo": "false"
        },
        {
          "respuesta": "Cruz Azul",
          "tipo": "false"
        },
        {
          "respuesta": "Pumas",
          "tipo": "false"
        }
      ]
    }
  ]
}